gene_symbol,lodo_top5_frequency,lodo_top10_frequency,lodo_top20_frequency,lodo_positive_frequency,lodo_beta_min,lodo_beta_max,lodo_rank_min,lodo_rank_median,lodo_rank_max
ABCA1,0.0,0.0,0.0,1.0,0.07008913223915433,0.34543587274277543,30,45.0,91
ABI1,0.0,0.0,0.0,0.8461538461538461,-0.05852366776032741,0.20231732618225967,62,97.5,123
ACVR1B,0.0,0.0,0.038461538461538464,1.0,0.1427900508156713,0.44921819502759947,15,32.0,78
ACVR2A,0.0,0.0,0.0,0.038461538461538464,-0.21877490467186972,0.01778263667573078,104,131.5,149
ADM,0.0,0.0,0.0,1.0,0.1266390542979505,0.32249414915175584,29,53.0,80
ADORA2B,0.0,0.0,0.0,0.5769230769230769,-0.05675625289766273,0.11738558786875652,85,105.5,123
ADRM1,0.0,0.0,0.0,1.0,0.03296775672997828,0.2576767609814234,43,71.0,92
AHR,0.0,0.0,0.0,1.0,0.025141899530643805,0.13884621476469047,69,87.0,108
APLNR,0.0,0.0,0.038461538461538464,1.0,0.11247939722931681,0.44903326626450496,14,31.0,82
AQP9,0.0,0.0,0.0,0.5384615384615384,-0.11939643807618723,0.13353333113931706,72,108.0,132
ATP2A2,0.0,0.0,0.0,0.038461538461538464,-0.17538729555050833,0.017003988503979942,105,128.5,144
ATP2B1,0.0,0.0,0.0,0.038461538461538464,-0.2651398632088713,0.005044988227962922,109,140.0,152
ATP2C1,0.0,0.0,0.0,0.038461538461538464,-0.21319975063312097,0.0387626652596941,100,124.5,150
AXL,0.23076923076923078,0.7307692307692307,1.0,1.0,0.391233172910401,0.6548232752655934,3,9.0,16
BEST1,0.0,0.0,0.0,1.0,0.11869577596756671,0.4343423554194105,22,28.0,78
BST2,0.0,0.0,0.0,1.0,0.017153736661752548,0.22248432639308874,48,62.5,100
BTG2,0.0,0.0,0.0,0.6538461538461539,-0.12799097497994236,0.10527253887265811,88,103.5,136
C3AR1,0.038461538461538464,0.07692307692307693,0.6538461538461539,1.0,0.2608239256791653,0.5806351100876987,5,20.0,35
C5AR1,0.0,0.0,0.0,0.0,-0.2746721490255543,-0.11431205131933171,136,148.0,152
CALCRL,0.0,0.0,0.0,0.0,-0.3562724173533531,-0.1535327989605972,134,153.5,158
CCL2,0.0,0.0,0.0,0.0,-0.19347708263147698,-0.019384938806232193,115,137.5,144
CD14,0.038461538461538464,0.07692307692307693,0.9615384615384616,1.0,0.3561756215642865,0.604804504216709,3,14.5,23
CD40,0.038461538461538464,0.07692307692307693,0.7307692307692307,1.0,0.26217512815043686,0.6004378573828972,2,19.0,49
CD55,0.0,0.0,0.0,0.46153846153846156,-0.09285294235363138,0.10138003737120778,75,107.5,131
CD82,0.7692307692307693,1.0,1.0,1.0,0.5092561343325568,0.6575459262671739,2,4.0,8
CDKN1A,0.0,0.0,0.0,1.0,0.14675305472696873,0.3613674694189938,27,38.0,65
CHST2,0.0,0.0,0.0,0.5769230769230769,-0.0871575854668417,0.0963795263556121,83,105.5,131
CLEC5A,0.0,0.0,0.0,1.0,0.11228450829888673,0.2775710980657437,36,51.5,74
CMKLR1,0.0,0.0,0.0,1.0,0.21681856370221408,0.4196587321582113,22,28.0,47
CSF1,0.0,0.0,0.0,1.0,0.07882730238478718,0.2724981602350109,33,73.5,87
CSF3R,0.11538461538461539,0.6153846153846154,1.0,1.0,0.44063636742606277,0.5992469231088099,3,9.0,16
CX3CL1,0.0,0.0,0.0,1.0,0.07766904843627837,0.2907731237319186,28,58.0,88
CXCL8,0.0,0.0,0.0,0.15384615384615385,-0.21285721644433633,0.1144961891411,83,116.0,146
CXCR6,0.0,0.0,0.0,0.0,-0.285710846017043,-0.042304454581206304,118,143.0,154
CYBB,0.0,0.0,0.0,1.0,0.18285249744631807,0.3513966622346092,29,40.5,55
DCBLD2,0.0,0.0,0.038461538461538464,1.0,0.20118194424694869,0.40057272132705224,18,28.5,51
EBI3,0.0,0.0,0.0,1.0,0.07262158512246214,0.3133076367369263,38,51.5,89
EDN1,0.0,0.0,0.0,0.11538461538461539,-0.2510660836413009,0.03907258547720966,95,124.0,150
EIF2AK2,0.0,0.0,0.0,0.8076923076923077,-0.06342098915300581,0.13201469233172627,70,98.0,127
EMP3,0.0,0.0,0.0,0.9230769230769231,-0.00845439554706749,0.12264667121961528,78,93.5,110
F3,0.0,0.0,0.0,1.0,0.0583614835383884,0.29076980983648243,43,64.5,92
FPR1,0.5384615384615384,1.0,1.0,1.0,0.46324702831390185,0.5910079982086351,3,5.0,10
FZD5,0.0,0.0,0.0,0.9615384615384616,-0.11531892216735196,0.2402192101951669,53,90.0,132
GABBR1,0.0,0.0,0.0,1.0,0.07708200976124999,0.2686411889668354,36,60.0,89
GCH1,0.0,0.0,0.0,0.07692307692307693,-0.21284825264359752,0.027014601186284706,102,127.0,145
GNA15,0.0,0.0,0.0,0.0,-0.3123433496065606,-0.05930634425876066,125,142.0,158
GNAI3,0.0,0.0,0.0,0.3076923076923077,-0.1080735574347969,0.1396541189548999,70,112.5,130
GPC3,0.0,0.0,0.038461538461538464,1.0,0.1216701827316679,0.43127765995428674,16,35.0,77
GPR132,0.0,0.0,0.0,0.9615384615384616,-0.04339467267294245,0.32034268445080766,31,55.5,117
GPR183,0.0,0.0,0.0,1.0,0.11080500771447084,0.4195560168008266,24,37.0,81
HBEGF,0.0,0.0,0.0,0.6538461538461539,-0.08876899121769068,0.11209986061100571,86,102.0,125
HIF1A,0.0,0.0,0.0,1.0,0.134847227412082,0.39792302017208325,25,35.0,73
HPN,0.0,0.038461538461538464,0.7307692307692307,1.0,0.2920837714915952,0.5583656863765246,8,19.0,27
HRH1,0.0,0.0,0.0,0.038461538461538464,-0.15791329568141688,0.0380758085066392,101,129.5,142
ICAM1,0.0,0.0,0.0,1.0,0.09349794440548,0.28082603679025286,29,62.5,84
ICOSLG,0.0,0.0,0.0,0.8846153846153846,-0.048096419448312035,0.19232839514740574,55,86.5,121
IFITM1,0.0,0.0,0.0,0.038461538461538464,-0.2997557152680904,0.038316478285449096,100,146.0,156
IFNAR1,0.0,0.0,0.0,0.11538461538461539,-0.14928887616438158,0.18041284070873675,54,126.5,142
IFNGR2,0.07692307692307693,0.46153846153846156,0.9230769230769231,1.0,0.3788096536761909,0.6636541332639231,1,11.0,24
IL10RA,0.15384615384615385,0.8846153846153846,1.0,1.0,0.45561916339500447,0.5784360198589925,3,8.0,15
IL15,0.0,0.0,0.0,0.38461538461538464,-0.11951686137191643,0.07888760890057227,90,111.5,136
IL15RA,0.0,0.0,0.0,0.9615384615384616,-0.04891932409225504,0.30369722083291595,25,54.5,121
IL18,0.0,0.0,0.0,0.0,-0.3284240348182007,-0.20579480209685894,148,154.0,157
IL18R1,0.0,0.0,0.0,0.6153846153846154,-0.20146020440982015,0.11580211257945593,83,104.0,144
IL1B,0.0,0.0,0.0,1.0,0.05064515757648475,0.3230656473065445,36,72.0,95
IL1R1,0.0,0.0,0.0,0.19230769230769232,-0.09899353630090489,0.04209103472819549,97,118.0,133
IL4R,0.0,0.0,0.0,1.0,0.13903068355815063,0.28536576499833116,32,50.0,73
IL6,0.0,0.0,0.038461538461538464,1.0,0.06343601678772587,0.46381333099282424,16,53.0,93
INHBA,0.0,0.0,0.0,0.11538461538461539,-0.19840442539877765,0.09572669673510432,85,118.0,141
IRAK2,0.0,0.0,0.0,0.11538461538461539,-0.24681426517852048,0.11413603154147356,80,122.0,149
IRF1,0.0,0.0,0.0,0.07692307692307693,-0.2171332139758483,0.023696089512606978,103,128.0,148
IRF7,0.0,0.0,0.0,0.0,-0.3983912659677308,-0.16169654795507457,135,153.0,158
ITGA5,0.0,0.0,0.0,1.0,0.020626710015635312,0.20039168220726797,61,78.5,103
ITGB3,0.0,0.0,0.0,0.7692307692307693,-0.11985684865687309,0.17135287354889184,56,102.0,139
ITGB8,0.0,0.0,0.2692307692307692,1.0,0.23711913821546,0.496877145429409,11,22.0,44
KCNA3,0.0,0.0,0.0,0.11538461538461539,-0.1444821798217616,0.044295695182704944,102,122.0,141
KCNJ2,0.0,0.0,0.0,0.0,-0.31859875107496133,-0.18769793378588603,145,154.5,157
KCNMB2,0.0,0.0,0.0,0.6923076923076923,-0.09824072978100386,0.1539698701230704,62,101.5,133
KIF1B,0.0,0.0,0.0,0.038461538461538464,-0.32182178608154083,0.004164577190618078,103,141.0,157
KLF6,0.0,0.0,0.0,1.0,0.02120822275917695,0.25053421200823595,41,68.5,102
LAMP3,0.0,0.0,0.0,0.0,-0.37311306070057426,-0.0843103158701094,129,147.5,155
LCP2,0.0,0.0,0.0,0.9230769230769231,-0.004510780668307448,0.20591336932429144,57,89.5,108
LDLR,0.0,0.0,0.0,0.4230769230769231,-0.11388803081697454,0.1603634328557704,59,108.5,137
LIF,0.0,0.0,0.0,1.0,0.05285788430609566,0.20354632510169537,60,79.5,93
LPAR1,0.0,0.0,0.0,0.0,-0.43160893331473393,-0.16466321865333816,140,153.0,157
LY6E,0.0,0.0,0.0,1.0,0.057623013032153114,0.2568349531717823,47,72.0,93
LYN,0.0,0.0,0.0,1.0,0.05533740695175892,0.33476199188308214,33,65.5,97
MEFV,0.0,0.0,0.0,0.0,-0.324074214774579,-0.13982672742457067,137,151.0,157
MET,0.0,0.0,0.0,1.0,0.12446590876933811,0.3749424779683277,26,40.5,76
MMP14,0.0,0.0,0.0,1.0,0.16797369044419858,0.37315484560807477,27,45.0,63
MSR1,0.0,0.0,0.038461538461538464,1.0,0.20233104788990536,0.37673211152611186,20,33.5,61
MXD1,0.0,0.0,0.0,0.11538461538461539,-0.1365009112785912,0.0884659995773319,89,117.5,142
MYC,0.0,0.0,0.0,0.07692307692307693,-0.20699280909365825,0.023393570577293746,101,126.5,149
NAMPT,0.0,0.0,0.0,0.0,-0.2795854481490188,-0.11915352231841593,134,148.0,154
NDP,0.0,0.0,0.0,1.0,0.11676693823037082,0.2708473126444973,40,65.5,86
NFKB1,0.0,0.0,0.0,0.0,-0.25965399985422943,-0.01229186077583531,112,132.5,150
NFKBIA,0.0,0.0,0.0,0.9615384615384616,-0.1080849994902366,0.34686949096665753,30,71.0,129
NLRP3,0.5769230769230769,0.9615384615384616,1.0,1.0,0.4683633690889076,0.6119494036466387,3,4.5,12
NMI,0.0,0.0,0.0,1.0,0.08854307127947392,0.28890509250445506,34,58.5,84
NMUR1,0.0,0.0,0.0,0.07692307692307693,-0.13858080494278546,0.028200909397468985,96,123.0,143
NOD2,0.0,0.0,0.4230769230769231,1.0,0.2535106897105385,0.49491124867096364,12,21.0,35
NPFFR2,0.0,0.0,0.0,1.0,0.10119527249447817,0.30463774733233895,30,66.0,83
OLR1,0.0,0.038461538461538464,0.4230769230769231,1.0,0.31485806143069456,0.5178129041695574,9,21.0,27
OPRK1,0.2692307692307692,0.8461538461538461,1.0,1.0,0.4329250505872179,0.5661746943015513,4,6.0,15
OSM,0.0,0.0,0.0,1.0,0.03292165920713554,0.3080458078018754,41,70.5,101
OSMR,0.0,0.0,0.0,1.0,0.10200010209732392,0.27554482008086334,31,62.5,80
P2RX4,1.0,1.0,1.0,1.0,0.5905372968887174,0.7528280779745088,1,1.0,4
P2RX7,0.0,0.0,0.0,1.0,0.005543741436065154,0.2612585204115234,34,84.5,108
P2RY2,0.038461538461538464,0.34615384615384615,1.0,1.0,0.3500768776247929,0.5679401021177596,3,13.0,19
PCDH7,0.0,0.0,0.0,0.9230769230769231,-0.045714007667510166,0.18099982205766485,52,93.0,120
PDE4B,0.0,0.0,0.0,0.5769230769230769,-0.10892873933313316,0.12086959208514776,83,108.0,135
PDPN,0.0,0.0,0.0,1.0,0.02454744072798464,0.22363175271508667,55,83.0,100
PIK3R5,0.038461538461538464,0.38461538461538464,1.0,1.0,0.3448455252565406,0.6080667715174499,5,11.0,20
PLAUR,0.0,0.0,0.19230769230769232,1.0,0.20638733160204906,0.48570622124020657,15,24.0,46
PSEN1,0.0,0.0,0.0,1.0,0.060021511910552716,0.23784620515524466,43,59.5,99
PTAFR,0.0,0.0,0.0,1.0,0.023998518443031067,0.23011989124711138,58,84.0,101
PTGER2,0.0,0.0,0.0,1.0,0.14868500203882692,0.35878897056989556,25,34.0,64
PTGER4,0.0,0.0,0.0,0.0,-0.47403937436041116,-0.25491100525127663,153,158.0,158
PTPRE,0.0,0.0,0.0,0.9615384615384616,-0.06930114931362218,0.16562068599169866,58,95.0,125
PVR,0.0,0.0,0.0,0.0,-0.20044059297931252,-0.010141260630648555,119,135.0,146
RAF1,0.0,0.0,0.0,1.0,0.014325344532653895,0.1786630139613235,59,87.5,111
RASGRP1,0.0,0.0,0.0,1.0,0.06695912129783368,0.31307323814817345,38,71.5,95
RELA,0.0,0.0,0.0,0.0,-0.22998709087342994,-0.010739844769053562,107,139.0,149
RGS1,0.0,0.0,0.0,1.0,0.14596437556969227,0.42219481979618567,21,29.0,66
RGS16,0.0,0.0,0.0,1.0,0.03569242533488825,0.2475399338504955,51,77.0,98
RHOG,0.0,0.0,0.0,1.0,0.03162418722370671,0.1983307267397743,55,81.0,105
RIPK2,0.0,0.0,0.0,1.0,0.20867958223103797,0.37710965043606903,26,40.0,52
RNF144B,0.0,0.0,0.0,0.8846153846153846,-0.039160600331959665,0.19780975981922175,58,96.5,117
SCARF1,0.0,0.0,0.0,0.9615384615384616,-0.05114464610385473,0.2540957866445684,39,89.5,122
SCN1B,0.0,0.0,0.0,1.0,0.058774809062124414,0.20064888300729816,54,80.5,96
SELE,0.0,0.0,0.0,1.0,0.15246827382872616,0.24545986690802088,46,56.0,76
SELENOS,0.0,0.0,0.0,0.038461538461538464,-0.2762468564025456,0.12235533305784428,81,138.0,152
SELL,0.0,0.0,0.0,1.0,0.18719656853021074,0.3368790168858618,31,40.5,59
SEMA4D,0.0,0.0,0.0,0.9615384615384616,-0.1293287586658014,0.32187957068331713,22,82.0,141
SERPINE1,0.0,0.0,0.0,1.0,0.07593275246431495,0.3196371820101432,23,65.5,88
SGMS2,0.0,0.0,0.0,0.7307692307692307,-0.09207386005767337,0.13620607195790158,72,100.0,130
SLC11A2,0.0,0.0,0.0,0.07692307692307693,-0.19289827388114533,0.07141054406310021,92,119.5,149
SLC1A2,0.0,0.0,0.0,0.0,-0.4052279976067005,-0.23250853713922456,147,155.0,158
SLC31A1,0.038461538461538464,0.15384615384615385,0.8461538461538461,1.0,0.30669248134501537,0.593580810659116,3,15.0,39
SLC31A2,0.0,0.0,0.07692307692307693,1.0,0.18569954406775985,0.44717720524908094,18,28.0,51
SLC4A4,0.0,0.038461538461538464,0.9615384615384616,1.0,0.4110876175288134,0.5281501948469007,10,15.0,22
SLC7A1,0.0,0.0,0.0,0.0,-0.19941942473694602,-0.0397894836240965,116,138.0,147
SLC7A2,0.0,0.0,0.0,0.0,-0.452407308628787,-0.04325095544230242,119,149.0,158
SPHK1,0.0,0.0,0.0,0.07692307692307693,-0.23566989288326012,0.040214303053745064,98,127.5,148
SRI,0.0,0.0,0.0,0.4230769230769231,-0.1154020658528688,0.10887851980553,83,109.5,133
STAB1,0.0,0.0,0.0,1.0,0.16197707428273778,0.33756538379614043,32,48.0,59
TACR1,0.0,0.0,0.0,0.11538461538461539,-0.20299175409540152,0.03713367870631971,99,120.5,146
TACR3,0.0,0.0,0.0,0.8076923076923077,-0.03086846921534116,0.13940204588488822,71,96.5,119
TAPBP,0.0,0.0,0.0,0.7692307692307693,-0.10321635953439252,0.12941678382524954,74,103.0,128
TIMP1,0.0,0.0,0.038461538461538464,1.0,0.07225280881960357,0.4267148812853169,20,42.5,90
TLR1,0.038461538461538464,0.19230769230769232,0.7692307692307693,1.0,0.3746826500774534,0.6151185122406657,3,17.0,26
TLR2,0.9615384615384616,1.0,1.0,1.0,0.5337136823706546,0.7034519600237833,1,2.0,7
TLR3,0.0,0.0,0.0,1.0,0.005948834782349578,0.3029368252464124,41,70.5,106
TNFRSF1B,0.0,0.0,0.0,1.0,0.1987405996400062,0.3412227718331001,31,42.5,52
TNFSF10,0.038461538461538464,0.07692307692307693,0.7692307692307693,1.0,0.34995773226053417,0.5611247925744537,5,18.0,28
TNFSF9,0.0,0.0,0.0,0.038461538461538464,-0.13112806946803018,0.008436658949488555,104,122.0,142
TPBG,0.0,0.0,0.0,1.0,0.09473447667147553,0.2958279527214475,30,65.5,87
VIP,0.0,0.0,0.0,0.0,-0.32601753809247963,-0.009191709949846909,110,139.0,158
