role	path	expected_bytes	expected_md5	expected_sha256
FASTQ	analysis_data/independent_validation/raw_reads/GSE276892/SRR30622751.fastq.gz	1852410527	5ab3e56e4f49cec8dace833df0e071f8	372872d9b69ad2f926ec8fee6a8f8c97d11ff9de11a4ebcf724dc92982502089
FASTQ	analysis_data/independent_validation/raw_reads/GSE276892/SRR30622750.fastq.gz	1800077452	6cb5b86c3765171dd097673f7f9122e1	a698ab4fefab46fc12c7aa7a518077455bb946edfbf3677c86089058e9744552
FASTQ	analysis_data/independent_validation/raw_reads/GSE276892/SRR30622746.fastq.gz	1931187893	232cea7f45805ff883b1ae55d69498c9	dcc537957b7801774f84855662fe2e25a779381c52b727690c577cb2f482e1e9
FASTQ	analysis_data/independent_validation/raw_reads/GSE276892/SRR30622745.fastq.gz	1858712191	6863ba96783242e7a76fefb9f8c3c3af	36e4bd9db51736c1cdc0f74e54173223358a6becbe67ee4d65d846555874cf04
FASTQ	analysis_data/independent_validation/raw_reads/GSE276892/SRR30622747.fastq.gz	2407910787	cbb150f705f76b1c22e6604b0236b715	864e0a8b91ba34cc2de26c7c79b13d9c6bcab1238cea3bf7c7f1469400abd8cf
FASTQ	analysis_data/independent_validation/raw_reads/GSE276892/SRR30622744.fastq.gz	1986190761	ca215e8e6c59f0bf2250f2c6bbac51b4	8eecb0477c3ac3115565511863a1578dc9752aaad4ca9e6a7b90b1eea143e192
FASTQ	analysis_data/independent_validation/raw_reads/GSE276892/SRR30622748.fastq.gz	1989781831	961aae49f50e7efa6ef25344b2c0c15e	e273d21cc2388e3227529e0d60574bec800cd573b91c69d8dd451ef8862e5db1
FASTQ	analysis_data/independent_validation/raw_reads/GSE276892/SRR30622743.fastq.gz	1922077575	2b144f86fe35edd90369e1312dc0b380	3a013ec8314bea08916a19e26d4ec715ba824824e27d4929cf3f93bed2a1b2c4
FASTQ	analysis_data/independent_validation/raw_reads/GSE276892/SRR30622749.fastq.gz	1747613057	33dd17191dc38bed277b975a0b9495da	4166544d43f9ccf4d33ffc3d76374acedf51cd6b063db22bb7045f1166d9bdb3
FASTQ	analysis_data/independent_validation/raw_reads/GSE276892/SRR30622742.fastq.gz	1834050468	53e5f196ec176d0eb139b8be5c5ec68d	e0ff82bafb10a091fb904e74f1ff54e1c4884741bcc9f8222358f7d225ddb528
FASTQ	analysis_data/independent_validation/raw_reads/GSE147657/SRR11435044.fastq.gz	594183662	039b6842fd23b331e545e4e4f423488c	77e8893f7aac89cf7db7b66af7d5bb70caf29e1e8f87bdf2526d5d6b56250d27
FASTQ	analysis_data/independent_validation/raw_reads/GSE147657/SRR11435045.fastq.gz	599785490	6fff7126fd8b336c679612e31ecb17ce	b0a1ada4a9f1f82d665d77f40b52611d013cff59f7068634944b296bb043716b
FASTQ	analysis_data/independent_validation/raw_reads/GSE147657/SRR11435046.fastq.gz	589735251	419f65f7bcdc8eab14133cbcbc321baf	7d98f4cc40cbe5a3460ce107f9da8eac2df33889885807f3d960bda4765d426b
FASTQ	analysis_data/independent_validation/raw_reads/GSE147657/SRR11435047.fastq.gz	578995375	9d106488d050951dd0cfc23cce5b4c64	98b45a2a8dd06a9b24996e8ebf99150a01233b555fa64f4eb84f8bb19f421467
FASTQ	analysis_data/independent_validation/raw_reads/GSE147657/SRR11435048.fastq.gz	583073716	437b05683da7e048feb31e0ba9de8f38	f7dff4a729e0f0c0f5a79b3d0380c87965024ee2bbe46e192e82dde6e753f7d9
FASTQ	analysis_data/independent_validation/raw_reads/GSE147657/SRR11435049.fastq.gz	573329711	1dfbfd251789b8678661c611125eeb15	142dd67065f9bc43f8e0aaaff5e6536adf99c62f9a79c400a208c9b6db02dbe8
FASTQ	analysis_data/independent_validation/raw_reads/GSE147657/SRR11435062.fastq.gz	737335500	fb950be44310c53e054c054d8aba11f2	7d105a4b5892e531e86c6a3fed0d29bd57d0464417bf2b8f756fb125686bcd8b
FASTQ	analysis_data/independent_validation/raw_reads/GSE147657/SRR11435063.fastq.gz	742379620	e601234e11bb1d787cc9d1faf1f146c4	2881ecf0a6564510d22060aa0f182bd4d46d1e665239ae60ce6ccea8d156ad1a
FASTQ	analysis_data/independent_validation/raw_reads/GSE147657/SRR11435064.fastq.gz	731183975	5bce8aa910d15df8559bc5018bc95fd1	c2498ee58fbae71e9f3be631992768a40b3d0347ed220689048f06e9bba93391
FASTQ	analysis_data/independent_validation/raw_reads/GSE147657/SRR11435050.fastq.gz	581889723	f0068c2914f80d9f22408412481f0928	b0ae3747345c9e8d7c414114c3bfb0927fdd3bb3e842aeec5b752d33a3a8b0c3
FASTQ	analysis_data/independent_validation/raw_reads/GSE147657/SRR11435051.fastq.gz	588221027	d526f4dc86efd9d3e9f03dba7e50194c	a66abac9effefb90741cfe0cf082de5b4397506a3b3b18044be2d58ad292beca
FASTQ	analysis_data/independent_validation/raw_reads/GSE147657/SRR11435052.fastq.gz	585836740	05d65d6e21e9e895f887d19c18f6befc	b6b5898244f2655286e3a179b9046a0f2494d54385ca2416cd5c19af8db629ad
FASTQ	analysis_data/independent_validation/raw_reads/GSE147657/SRR11435053.fastq.gz	588013521	83e344fb74072c6e30c9ee43293a9a53	8b897a1c1958939bbd2923d5d9a09ec735703b8affe8e5d950b6c17b0f941461
FASTQ	analysis_data/independent_validation/raw_reads/GSE147657/SRR11435054.fastq.gz	592268079	cbd797b94afee25c672f575c97763e65	5bd771a36b9988a228c259d73c71f88a5d5321b00a5977a45b99873615c23423
FASTQ	analysis_data/independent_validation/raw_reads/GSE147657/SRR11435055.fastq.gz	583902903	51c39413a1404e7f5d033b64a762d3f6	c575ffaa70c94acfdcc5bbd1eab5fb691748d9df472a59f18ec338d7f3d54688
FASTQ	analysis_data/independent_validation/raw_reads/GSE147657/SRR11435056.fastq.gz	670621566	e42965c9126f91ebab182e636cd372dd	6d393add0a14e16efef0d62bcd4690313b3e5f7e10ae109099621968afbfaef6
FASTQ	analysis_data/independent_validation/raw_reads/GSE147657/SRR11435057.fastq.gz	676959130	87234970c64905d1cf7fe35db73a5f0b	5342b310896ccfa5f306bc1df78e6275926deee3e91e2bdbc6c009ca330559c5
FASTQ	analysis_data/independent_validation/raw_reads/GSE147657/SRR11435058.fastq.gz	665120233	96a165dab0bf949696d5204210e8c892	a02f30ad72b0bc4a0de2ed103f5cf23a2abb25dd8f277c370e4e9519a6f61289
FASTQ	analysis_data/independent_validation/raw_reads/GSE147657/SRR11435065.fastq.gz	485634089	0c351b6f99a5b418312987e6c40aa62a	5a588e4a36716b8ae880e4f9b29396a7207c4f15c19f153cdd1f90ed756d399a
FASTQ	analysis_data/independent_validation/raw_reads/GSE147657/SRR11435066.fastq.gz	489976731	c33083687d6727689e7f5afcd5eb28ee	4df5abbe8bfc01fbf75b36fc9e1adbf3f1f0eeacf076e4075318c512c7a861d5
FASTQ	analysis_data/independent_validation/raw_reads/GSE147657/SRR11435067.fastq.gz	496081577	f7b2093d71c5e055820ecb6c524f6716	b62db34f7cbbcdf29fba77ff7e993ea45af1600f6d678b8c346f8ffb02d6eefe
GENCODE_all_regions_FASTA	tools/reference/gencode_v42_all_regions/GRCh38.p13.genome.fa.gz	889409368	76e9212a7364362d504c9cfddfd8941a	8bf92a85f255d738d0d37939665fee0be438b11aea036ac78fb1e49bb68ddbbd
GENCODE_all_regions_GTF	tools/reference/gencode_v42_all_regions/gencode.v42.chr_patch_hapl_scaff.annotation.gtf.gz	53074623	8b02deabb6180620820c6b1e81603089	5a653f58df24be7e74ed16259e731a55703bd7e2c85ac1fb4cc57e459c2aa324
GENCODE_primary_FASTA	tools/reference/gencode_v42_primary_assembly/GRCh38.primary_assembly.genome.fa.gz	844691642	4bb64aa21f2ed44fc472050640193c83	3b2810a29235700fa96283a86a2ba701eac9983a3de2cdfa04635c4996fce11e
GENCODE_primary_GTF	tools/reference/gencode_v42_primary_assembly/gencode.v42.primary_assembly.annotation.gtf.gz	49556733	f30067f5a5391dc67cd55c49a3447e73	60774dcc8cf450fd704bec2c7b696031af19aa96b2e28b2f1f542c99ca2b0827
STAR_2.7.8a_archive	tools/downloads/STAR-2.7.8a.tar.gz	9941286	b6482dd380c5c07587166ee240573780	e6bf898291a1a350b36d8c031d3f65fc66869e6775a053af57c9cfe275f77305
Subread_2.0.1_Linux_archive	tools/downloads/subread-2.0.1-Linux-x86_64.tar.gz	37245153	c616dd68cd250b792172ca777f3097c6	bd4d3834ea4690d27c8b06095662343ebdabd3c24c7e6c09611bfeb61ef041fa
