pathway,n_genes,genes,mean_nes,max_abs_nes,min_padj
HALLMARK_INFLAMMATORY_RESPONSE,7,"CMKLR1,FZD5,LYN,MSR1,NMI,TIMP1,TLR3",1.9659815187676233,2.6885314934127806,0.0
HALLMARK_EPITHELIAL_MESENCHYMAL_TRANSITION,7,"CMKLR1,FZD5,LYN,MSR1,NMI,TIMP1,TLR3",2.1014323221864357,2.6196058848986934,0.0
HALLMARK_INTERFERON_ALPHA_RESPONSE,7,"CMKLR1,FZD5,LYN,MSR1,NMI,TIMP1,TLR3",2.2648553732996093,2.594015758072568,0.0
HALLMARK_INTERFERON_GAMMA_RESPONSE,7,"CMKLR1,FZD5,LYN,MSR1,NMI,TIMP1,TLR3",2.033111587679158,2.520364638594646,0.0
HALLMARK_COAGULATION,7,"CMKLR1,FZD5,LYN,MSR1,NMI,TIMP1,TLR3",2.0134130090638442,2.4216221004469367,0.0
HALLMARK_ALLOGRAFT_REJECTION,7,"CMKLR1,FZD5,LYN,MSR1,NMI,TIMP1,TLR3",1.8833092849620503,2.3420868549296934,0.0
HALLMARK_KRAS_SIGNALING_UP,7,"CMKLR1,FZD5,LYN,MSR1,NMI,TIMP1,TLR3",1.7030036325084374,2.2181342512194204,0.0
HALLMARK_OXIDATIVE_PHOSPHORYLATION,6,"FZD5,LYN,MSR1,NMI,TIMP1,TLR3",-2.4211482394359547,3.332876792296059,0.0
HALLMARK_IL6_JAK_STAT3_SIGNALING,6,"CMKLR1,LYN,MSR1,NMI,TIMP1,TLR3",2.0828818010315167,2.633581598402646,0.0
HALLMARK_HYPOXIA,6,"CMKLR1,FZD5,LYN,NMI,TIMP1,TLR3",-0.674126958543932,2.520016087444202,0.0
HALLMARK_MTORC1_SIGNALING,6,"CMKLR1,FZD5,LYN,NMI,TIMP1,TLR3",-2.0785232426239415,2.4463848765953577,0.0
HALLMARK_ANGIOGENESIS,6,"CMKLR1,LYN,MSR1,NMI,TIMP1,TLR3",1.7954958927465172,2.0763654106376355,0.0
HALLMARK_APOPTOSIS,6,"CMKLR1,LYN,MSR1,NMI,TIMP1,TLR3",1.6165922124069125,2.0603939026295746,0.0
HALLMARK_IL2_STAT5_SIGNALING,6,"CMKLR1,FZD5,LYN,MSR1,NMI,TIMP1",1.6100707455079786,1.8947260284246468,0.00012402210204408005
HALLMARK_UV_RESPONSE_DN,6,"CMKLR1,FZD5,LYN,NMI,TIMP1,TLR3",1.4554601046199551,1.7384441415933036,0.001974921630094044
HALLMARK_XENOBIOTIC_METABOLISM,6,"CMKLR1,FZD5,LYN,MSR1,TIMP1,TLR3",1.499676215812295,1.6560042232389993,0.002845618230233615
HALLMARK_ADIPOGENESIS,6,"CMKLR1,FZD5,LYN,NMI,TIMP1,TLR3",-1.6353091429087774,1.7576600477943929,0.005722070844686649
HALLMARK_ESTROGEN_RESPONSE_EARLY,6,"CMKLR1,FZD5,LYN,MSR1,TIMP1,TLR3",0.534829630879229,1.4522355988105087,0.02463949843260188
HALLMARK_TNFA_SIGNALING_VIA_NFKB,5,"CMKLR1,LYN,NMI,TIMP1,TLR3",1.8107598973468995,2.480315447129263,0.0
HALLMARK_PROTEIN_SECRETION,5,"CMKLR1,FZD5,LYN,NMI,TIMP1",-1.7400096545101362,2.055471398052986,0.0
HALLMARK_COMPLEMENT,5,"CMKLR1,LYN,MSR1,NMI,TIMP1",1.811041088314531,2.0309881164191728,0.0
HALLMARK_NOTCH_SIGNALING,5,"CMKLR1,FZD5,LYN,TIMP1,TLR3",1.7437940940787768,1.8986063888671523,0.00013356226373977852
HALLMARK_MYOGENESIS,5,"CMKLR1,LYN,MSR1,TIMP1,TLR3",1.0479750918897415,1.691439350325735,0.002007607776838546
HALLMARK_SPERMATOGENESIS,5,"CMKLR1,LYN,NMI,TIMP1,TLR3",-1.5639283484762134,1.7692212293511003,0.003371327660940761
HALLMARK_FATTY_ACID_METABOLISM,5,"FZD5,LYN,NMI,TIMP1,TLR3",-1.41316197284713,1.5743334249863359,0.018755676657584017
HALLMARK_CHOLESTEROL_HOMEOSTASIS,4,"FZD5,MSR1,NMI,TLR3",-1.0020438369388833,2.559589741555993,0.0
HALLMARK_P53_PATHWAY,4,"LYN,MSR1,NMI,TIMP1",1.6356908254903804,1.8452454632942152,0.0003472618857234242
HALLMARK_GLYCOLYSIS,4,"FZD5,LYN,MSR1,TLR3",-0.14777001577941923,2.032018385084892,0.0009361542782250515
HALLMARK_APICAL_JUNCTION,4,"CMKLR1,LYN,MSR1,TIMP1",1.4862551851730292,1.5951679522884135,0.0053391514929976465
HALLMARK_MYC_TARGETS_V1,3,"CMKLR1,LYN,TIMP1",-2.0046442111686025,2.1590252808199653,0.0
HALLMARK_MYC_TARGETS_V2,3,"FZD5,MSR1,NMI",1.6616103198939447,1.8304628160310186,0.00024648071750536863
HALLMARK_TGF_BETA_SIGNALING,3,"LYN,TIMP1,TLR3",1.5994267341598765,1.682173906429732,0.00199164905047258
HALLMARK_ESTROGEN_RESPONSE_LATE,3,"CMKLR1,LYN,TIMP1",1.5560453659987903,1.6358272858378757,0.004041200179131213
HALLMARK_KRAS_SIGNALING_DN,3,"CMKLR1,LYN,MSR1",1.4095296973431184,1.4859624113664593,0.01657082792308168
HALLMARK_DNA_REPAIR,3,"FZD5,NMI,TLR3",1.4726747956513557,1.5232686433369151,0.02217818088554175
HALLMARK_HEME_METABOLISM,3,"LYN,TIMP1,TLR3",-1.4363212307122273,1.4906652422356148,0.032970027247956404
HALLMARK_HEDGEHOG_SIGNALING,2,"CMKLR1,LYN",1.611967500118845,1.7638199603019533,0.00038472900650604234
HALLMARK_APICAL_SURFACE,2,"CMKLR1,MSR1",1.5473406438465225,1.6273232869114913,0.006317464279029138
HALLMARK_E2F_TARGETS,2,"FZD5,TLR3",1.3664844597342949,1.3714529016308346,0.06580269450688714
HALLMARK_G2M_CHECKPOINT,1,TLR3,1.4834774565785516,1.4834774565785516,0.03080490724117295
